product,image_path
LUNCH BAG PINK POLKADOT,data\scraped_images\LUNCH_BAG_PINK_POLKADOT\image_1.jpg
LUNCH BAG PINK POLKADOT,data\scraped_images\LUNCH_BAG_PINK_POLKADOT\image_2.jpg
LUNCH BAG PINK POLKADOT,data\scraped_images\LUNCH_BAG_PINK_POLKADOT\image_0.jpg
LUNCH BAG PINK POLKADOT,data\scraped_images\LUNCH_BAG_PINK_POLKADOT\image_1.jpg
LUNCH BAG PINK POLKADOT,data\scraped_images\LUNCH_BAG_PINK_POLKADOT\image_2.jpg
$LUNCH BAG PINK POLKADOT,data\scraped_images\$LUNCH_BAG_PINK_POLKADOT\image_1.jpg
$LUNCH BAG PINK POLKADOT,data\scraped_images\$LUNCH_BAG_PINK_POLKADOT\image_2.jpg
$LUNCH BAG PINK POLKADOT,data\scraped_images\$LUNCH_BAG_PINK_POLKADOT\image_0.jpg
$LUNCH BAG PINK POLKADOT,data\scraped_images\$LUNCH_BAG_PINK_POLKADOT\image_1.jpg
$LUNCH BAG PINK POLKADOT,data\scraped_images\$LUNCH_BAG_PINK_POLKADOT\image_1.jpg
ALARM CLOCK BAKELIKE RED,data\scraped_images\ALARM_CLOCK_BAKELIKE_RED\image_1.jpg
ALARM CLOCK BAKELIKE RED,data\scraped_images\ALARM_CLOCK_BAKELIKE_RED\image_2.jpg
ALARM CLOCK BAKELIKE RED,data\scraped_images\ALARM_CLOCK_BAKELIKE_RED\image_0.jpg
ALARM CLOCK BAKELIKE RED,data\scraped_images\ALARM_CLOCK_BAKELIKE_RED\image_1.jpg
ALARM CLOCK BAKELIKE RED,data\scraped_images\ALARM_CLOCK_BAKELIKE_RED\image_1.jpg
$ALARM CLOCK BAKELIKE RED,data\scraped_images\$ALARM_CLOCK_BAKELIKE_RED\image_1.jpg
$ALARM CLOCK BAKELIKE RED,data\scraped_images\$ALARM_CLOCK_BAKELIKE_RED\image_2.jpg
$ALARM CLOCK BAKELIKE RED,data\scraped_images\$ALARM_CLOCK_BAKELIKE_RED\image_0.jpg
$ALARM CLOCK BAKELIKE RED,data\scraped_images\$ALARM_CLOCK_BAKELIKE_RED\image_1.jpg
$ALARM CLOCK BAKELIKE RED,data\scraped_images\$ALARM_CLOCK_BAKELIKE_RED\image_1.jpg
CHOCOLATE HOT WATER BOTTLE,data\scraped_images\CHOCOLATE_HOT_WATER_BOTTLE\image_1.jpg
CHOCOLATE HOT WATER BOTTLE,data\scraped_images\CHOCOLATE_HOT_WATER_BOTTLE\image_2.jpg
CHOCOLATE HOT WATER BOTTLE,data\scraped_images\CHOCOLATE_HOT_WATER_BOTTLE\image_0.jpg
CHOCOLATE HOT WATER BOTTLE,data\scraped_images\CHOCOLATE_HOT_WATER_BOTTLE\image_1.jpg
CHOCOLATE HOT WATER BOTTLE,data\scraped_images\CHOCOLATE_HOT_WATER_BOTTLE\image_1.jpg
$CHOCOLATE HOT WATER BOTTLE,data\scraped_images\$CHOCOLATE_HOT_WATER_BOTTLE\image_1.jpg
$CHOCOLATE HOT WATER BOTTLE,data\scraped_images\$CHOCOLATE_HOT_WATER_BOTTLE\image_2.jpg
$CHOCOLATE HOT WATER BOTTLE,data\scraped_images\$CHOCOLATE_HOT_WATER_BOTTLE\image_0.jpg
$CHOCOLATE HOT WATER BOTTLE,data\scraped_images\$CHOCOLATE_HOT_WATER_BOTTLE\image_1.jpg
$CHOCOLATE HOT WATER BOTTLE,data\scraped_images\$CHOCOLATE_HOT_WATER_BOTTLE\image_1.jpg
SPOTTY BUNTING,data\scraped_images\SPOTTY_BUNTING\image_1.jpg
SPOTTY BUNTING,data\scraped_images\SPOTTY_BUNTING\image_2.jpg
SPOTTY BUNTING,data\scraped_images\SPOTTY_BUNTING\image_0.jpg
SPOTTY BUNTING,data\scraped_images\SPOTTY_BUNTING\image_1.jpg
SPOTTY BUNTING,data\scraped_images\SPOTTY_BUNTING\image_1.jpg
$SPOTTY BUNTING,data\scraped_images\$SPOTTY_BUNTING\image_1.jpg
$SPOTTY BUNTING,data\scraped_images\$SPOTTY_BUNTING\image_2.jpg
$SPOTTY BUNTING,data\scraped_images\$SPOTTY_BUNTING\image_0.jpg
$SPOTTY BUNTING,data\scraped_images\$SPOTTY_BUNTING\image_1.jpg
$SPOTTY BUNTING,data\scraped_images\$SPOTTY_BUNTING\image_1.jpg
"$BUNTING , SPOTTY","data\scraped_images\$BUNTING_,_SPOTTY\image_1.jpg"
"$BUNTING , SPOTTY","data\scraped_images\$BUNTING_,_SPOTTY\image_2.jpg"
"$BUNTING , SPOTTY","data\scraped_images\$BUNTING_,_SPOTTY\image_0.jpg"
"$BUNTING , SPOTTY","data\scraped_images\$BUNTING_,_SPOTTY\image_1.jpg"
"$BUNTING , SPOTTY","data\scraped_images\$BUNTING_,_SPOTTY\image_1.jpg"
"BUNTING , SPOTTY","data\scraped_images\BUNTING_,_SPOTTY\image_1.jpg"
"BUNTING , SPOTTY","data\scraped_images\BUNTING_,_SPOTTY\image_2.jpg"
"BUNTING , SPOTTY","data\scraped_images\BUNTING_,_SPOTTY\image_0.jpg"
"BUNTING , SPOTTY","data\scraped_images\BUNTING_,_SPOTTY\image_1.jpg"
"BUNTING , SPOTTY","data\scraped_images\BUNTING_,_SPOTTY\image_1.jpg"
LUNCH BAG WOODLAND,data\scraped_images\LUNCH_BAG_WOODLAND\image_1.jpg
LUNCH BAG WOODLAND,data\scraped_images\LUNCH_BAG_WOODLAND\image_2.jpg
LUNCH BAG WOODLAND,data\scraped_images\LUNCH_BAG_WOODLAND\image_0.jpg
LUNCH BAG WOODLAND,data\scraped_images\LUNCH_BAG_WOODLAND\image_1.jpg
LUNCH BAG WOODLAND,data\scraped_images\LUNCH_BAG_WOODLAND\image_1.jpg
$LUNCH BAG WOODLAND,data\scraped_images\$LUNCH_BAG_WOODLAND\image_1.jpg
$LUNCH BAG WOODLAND,data\scraped_images\$LUNCH_BAG_WOODLAND\image_2.jpg
$LUNCH BAG WOODLAND,data\scraped_images\$LUNCH_BAG_WOODLAND\image_0.jpg
$LUNCH BAG WOODLAND,data\scraped_images\$LUNCH_BAG_WOODLAND\image_1.jpg
$LUNCH BAG WOODLAND,data\scraped_images\$LUNCH_BAG_WOODLAND\image_1.jpg
$REX CASH+CARRY JUMBO SHOPPER,data\scraped_images\$REX_CASH+CARRY_JUMBO_SHOPPER\image_1.jpg
$REX CASH+CARRY JUMBO SHOPPER,data\scraped_images\$REX_CASH+CARRY_JUMBO_SHOPPER\image_2.jpg
$REX CASH+CARRY JUMBO SHOPPER,data\scraped_images\$REX_CASH+CARRY_JUMBO_SHOPPER\image_0.jpg
$REX CASH+CARRY JUMBO SHOPPER,data\scraped_images\$REX_CASH+CARRY_JUMBO_SHOPPER\image_1.jpg
$REX CASH+CARRY JUMBO SHOPPER,data\scraped_images\$REX_CASH+CARRY_JUMBO_SHOPPER\image_1.jpg
REX CASH+CARRY JUMBO SHOPPER,data\scraped_images\REX_CASH+CARRY_JUMBO_SHOPPER\image_1.jpg
REX CASH+CARRY JUMBO SHOPPER,data\scraped_images\REX_CASH+CARRY_JUMBO_SHOPPER\image_2.jpg
REX CASH+CARRY JUMBO SHOPPER,data\scraped_images\REX_CASH+CARRY_JUMBO_SHOPPER\image_0.jpg
REX CASH+CARRY JUMBO SHOPPER,data\scraped_images\REX_CASH+CARRY_JUMBO_SHOPPER\image_1.jpg
REX CASH+CARRY JUMBO SHOPPER,data\scraped_images\REX_CASH+CARRY_JUMBO_SHOPPER\image_2.jpg
$JUMBO STORAGE BAG SUKI,data\scraped_images\$JUMBO_STORAGE_BAG_SUKI\image_1.jpg
$JUMBO STORAGE BAG SUKI,data\scraped_images\$JUMBO_STORAGE_BAG_SUKI\image_2.jpg
$JUMBO STORAGE BAG SUKI,data\scraped_images\$JUMBO_STORAGE_BAG_SUKI\image_0.jpg
$JUMBO STORAGE BAG SUKI,data\scraped_images\$JUMBO_STORAGE_BAG_SUKI\image_1.jpg
$JUMBO STORAGE BAG SUKI,data\scraped_images\$JUMBO_STORAGE_BAG_SUKI\image_1.jpg
JUMBO STORAGE BAG SUKI,data\scraped_images\JUMBO_STORAGE_BAG_SUKI\image_1.jpg
JUMBO STORAGE BAG SUKI,data\scraped_images\JUMBO_STORAGE_BAG_SUKI\image_2.jpg
JUMBO STORAGE BAG SUKI,data\scraped_images\JUMBO_STORAGE_BAG_SUKI\image_0.jpg
JUMBO STORAGE BAG SUKI,data\scraped_images\JUMBO_STORAGE_BAG_SUKI\image_1.jpg
JUMBO STORAGE BAG SUKI,data\scraped_images\JUMBO_STORAGE_BAG_SUKI\image_1.jpg
RETROSPOT TEA SET CERAMIC 11 PC,data\scraped_images\RETROSPOT_TEA_SET_CERAMIC_11_PC\image_1.jpg
RETROSPOT TEA SET CERAMIC 11 PC,data\scraped_images\RETROSPOT_TEA_SET_CERAMIC_11_PC\image_2.jpg
RETROSPOT TEA SET CERAMIC 11 PC,data\scraped_images\RETROSPOT_TEA_SET_CERAMIC_11_PC\image_0.jpg
RETROSPOT TEA SET CERAMIC 11 PC,data\scraped_images\RETROSPOT_TEA_SET_CERAMIC_11_PC\image_1.jpg
RETROSPOT TEA SET CERAMIC 11 PC,data\scraped_images\RETROSPOT_TEA_SET_CERAMIC_11_PC\image_1.jpg
$nan,data\scraped_images\$nan\image_1.jpg
$nan,data\scraped_images\$nan\image_2.jpg
$nan,data\scraped_images\$nan\image_0.jpg
$nan,data\scraped_images\$nan\image_1.jpg
$nan,data\scraped_images\$nan\image_1.jpg
$RETROSPOT TEA SET CERAMIC 11 PC,data\scraped_images\$RETROSPOT_TEA_SET_CERAMIC_11_PC\image_1.jpg
$RETROSPOT TEA SET CERAMIC 11 PC,data\scraped_images\$RETROSPOT_TEA_SET_CERAMIC_11_PC\image_2.jpg
$RETROSPOT TEA SET CERAMIC 11 PC,data\scraped_images\$RETROSPOT_TEA_SET_CERAMIC_11_PC\image_0.jpg
$RETROSPOT TEA SET CERAMIC 11 PC,data\scraped_images\$RETROSPOT_TEA_SET_CERAMIC_11_PC\image_1.jpg
$RETROSPOT TEA SET CERAMIC 11 PC,data\scraped_images\$RETROSPOT_TEA_SET_CERAMIC_11_PC\image_1.jpg
6 RIBBONS RUSTIC CHARM,data\scraped_images\6_RIBBONS_RUSTIC_CHARM\image_1.jpg
6 RIBBONS RUSTIC CHARM,data\scraped_images\6_RIBBONS_RUSTIC_CHARM\image_2.jpg
6 RIBBONS RUSTIC CHARM,data\scraped_images\6_RIBBONS_RUSTIC_CHARM\image_0.jpg
6 RIBBONS RUSTIC CHARM,data\scraped_images\6_RIBBONS_RUSTIC_CHARM\image_1.jpg
6 RIBBONS RUSTIC CHARM,data\scraped_images\6_RIBBONS_RUSTIC_CHARM\image_1.jpg
$6 RIBBONS RUSTIC CHARM,data\scraped_images\$6_RIBBONS_RUSTIC_CHARM\image_1.jpg
$6 RIBBONS RUSTIC CHARM,data\scraped_images\$6_RIBBONS_RUSTIC_CHARM\image_2.jpg
$6 RIBBONS RUSTIC CHARM,data\scraped_images\$6_RIBBONS_RUSTIC_CHARM\image_0.jpg
$6 RIBBONS RUSTIC CHARM,data\scraped_images\$6_RIBBONS_RUSTIC_CHARM\image_1.jpg
$6 RIBBONS RUSTIC CHARM,data\scraped_images\$6_RIBBONS_RUSTIC_CHARM\image_1.jpg
REGENCY CAKESTAND 3 TIER,data\scraped_images\REGENCY_CAKESTAND_3_TIER\image_1.jpg
REGENCY CAKESTAND 3 TIER,data\scraped_images\REGENCY_CAKESTAND_3_TIER\image_2.jpg
REGENCY CAKESTAND 3 TIER,data\scraped_images\REGENCY_CAKESTAND_3_TIER\image_0.jpg
REGENCY CAKESTAND 3 TIER,data\scraped_images\REGENCY_CAKESTAND_3_TIER\image_1.jpg
REGENCY CAKESTAND 3 TIER,data\scraped_images\REGENCY_CAKESTAND_3_TIER\image_1.jpg
$REGENCY CAKESTAND 3 TIER,data\scraped_images\$REGENCY_CAKESTAND_3_TIER\image_1.jpg
$REGENCY CAKESTAND 3 TIER,data\scraped_images\$REGENCY_CAKESTAND_3_TIER\image_2.jpg
$REGENCY CAKESTAND 3 TIER,data\scraped_images\$REGENCY_CAKESTAND_3_TIER\image_0.jpg
$REGENCY CAKESTAND 3 TIER,data\scraped_images\$REGENCY_CAKESTAND_3_TIER\image_1.jpg
$REGENCY CAKESTAND 3 TIER,data\scraped_images\$REGENCY_CAKESTAND_3_TIER\image_1.jpg
damages,data\scraped_images\damages\image_1.jpg
damages,data\scraped_images\damages\image_2.jpg
damages,data\scraped_images\damages\image_0.jpg
damages,data\scraped_images\damages\image_1.jpg
damages,data\scraped_images\damages\image_1.jpg
